"rank_adp","pos","prediction","value"
1,"RB",18.030311404014,0.145062586901059
2,"RB",17.8852488171129,0.145052900115274
3,"RB",17.7401959169976,0.145027147758938
4,"RB",17.5951687692387,0.144978158330311
5,"RB",17.4501906109084,0.144899356386674
6,"RB",17.3052912545217,0.144784752329343
7,"RB",17.1605065021924,0.144628931524956
8,"RB",17.0158775706674,0.14442704264113
9,"RB",16.8714505280263,0.144174785096798
10,"RB",16.7272757429295,0.14386839554987
11,"RB",16.5834073473796,0.143504633366767
12,"RB",16.4399027140129,0.143080765038953
13,"RB",16.2968219489739,0.142594547531928
14,"RB",16.154227401442,0.142044210570585
15,"RB",16.0121831908714,0.14142843788477
16,"RB",15.8707547529866,0.140746347453758
17,"RB",15.7300084055329,0.139997470805925
18,"RB",15.5900109347269,0.139181731444383
19,"RB",15.4508292032826,0.138299422482389
20,"RB",15.3125297808002,0.137351183584187
21,"RB",15.175178597216,0.136337977318401
22,"RB",15.0388406198976,0.135261065039481
23,"RB",14.9035795548581,0.134121982420199
24,"RB",14.7694575724379,0.13292251476452
25,"RB",14.6365350576734,0.131664672234926
26,"RB",14.5048703854385,0.130350665129635
27,"RB",14.3745197203088,0.128982879348596
28,"RB",14.2455368409602,0.127563852184561
29,"RB",14.1179729887757,0.126096248575816
30,"RB",13.9918767401998,0.12458283795203
31,"RB",13.8672939022478,0.123026471801643
32,"RB",13.7442674304462,0.121430062081739
33,"RB",13.6228373683644,0.119796560585325
34,"RB",13.5030408077791,0.118128939371845
35,"RB",13.3849118684073,0.116430172357123
36,"RB",13.2684816960501,0.114703218149479
37,"RB",13.1537784779007,0.112951004206426
38,"RB",13.0408274736942,0.111176412375205
39,"RB",12.929651061319,0.109382265867783
40,"RB",12.8202687954513,0.107571317707933
41,"RB",12.7126974777433,0.105746240674762
42,"RB",12.6069512370686,0.103909618754788
43,"RB",12.5030416183138,0.10206394009897
44,"RB",12.4009776782148,0.100211591471513
45,"RB",12.3007660867433,0.0983548541604424
46,"RB",12.2024112325828,0.096495901310778
47,"RB",12.1059153312721,0.0946367966271175
48,"RB",12.0112785346449,0.0927794943818423
49,"RB",11.9184990402631,0.0909258406547
50,"RB",11.8275731996084,0.0890775757198661
51,"RB",11.7384956238885,0.0872363374869618
52,"RB",11.6512592864016,0.0854036658962709
53,"RB",11.5658556205053,0.0835810081604382
54,"RB",11.4822746123449,0.0817697247406368
55,"RB",11.4005048876042,0.079971095939289
56,"RB",11.3205337916649,0.0781863289908316
57,"RB",11.2423474626741,0.0764165655278823
58,"RB",11.1659308971462,0.0746628893009778
59,"RB",11.0912680078453,0.0729263340310258
60,"RB",11.0183416738142,0.0712078912741543
61,"RB",10.9471337825401,0.0695085181837563
62,"RB",10.8776252643563,0.0678291450574413
63,"RB",10.8097961192989,0.066170682562646
64,"RB",10.7436254367362,0.0645340285409137
65,"RB",10.6790914081953,0.0629200742987805
66,"RB",10.6161713338965,0.0613297103004733
67,"RB",10.5548416235961,0.0597638311881425
68,"RB",10.4950777924079,0.0582233400634085
69,"RB",10.4368544523445,0.056709151975733
70,"RB",10.3801453003688,0.0552221965729576
71,"RB",10.3249231037958,0.0537634198807453
72,"RB",10.2711596839151,0.0523337851884893
73,"RB",10.2188258987266,0.0509342730315989
74,"RB",10.167891625695,0.0495658802696894
75,"RB",10.1183257454253,0.0482296182732149
76,"RB",10.0700961271521,0.0469265102399703
77,"RB",10.0231696169121,0.0456575876754961
78,"RB",9.97751202923661,0.0444238860791
79,"RB",9.93308814315751,0.0432264398885049
80,"RB",9.88986170326901,0.0420662767436504
81,"RB",9.84779542652536,0.0409444111384261
82,"RB",9.80685101538693,0.0398618375364208
83,"RB",9.76698917785051,0.038819523032231
84,"RB",9.72816965481828,0.0378183996459001
85,"RB",9.69035125517238,0.036859356341413
86,"RB",9.65349189883097,0.0359432308638308
87,"RB",9.61754866796714,0.0350708014911962
88,"RB",9.58247786647594,0.0342427787988235
89,"RB",9.54823508767712,0.0334597975328972
90,"RB",9.51477529014422,0.0327224086893541
91,"RB",9.48205288145487,0.0320310718917849
92,"RB",9.45002180956308,0.0313861481588162
93,"RB",9.41863566140426,0.0307878931471084
94,"RB",9.38784776825716,0.0302364509507704
95,"RB",9.35761131730639,0.0297318485327889
96,"RB",9.3278794687736,0.0292739908562645
97,"RB",9.29860547791733,0.0288626567766102
98,"RB",9.26974282114072,0.0284974957475157
99,"RB",9.24124532539321,0.0281780253848982
100,"RB",9.21306730000831,0.0279036299243192
101,"RB",9.18516367008399,0.0276735595978188
102,"RB",9.15749011048617,0.0274869309470738
103,"RB",9.1300031795391,0.0273427280795175
104,"RB",9.10266045145958,0.0272398048654789
105,"RB",9.0754206465941,0.0271768880640071
106,"RB",9.04824375853009,0.0271525813565106
107,"RB",9.02109117717358,0.0271653702578458
108,"RB",8.99392580691574,0.0272136278666562
109,"RB",8.96671217904908,0.0272956214078608
110,"RB",8.93941655764122,0.0274095195135331
111,"RB",8.91200703812769,0.0275534001810112
112,"RB",8.88445363794668,0.0277252593412154
113,"RB",8.85672837860546,0.0279230199648381
114,"RB",8.82880535864062,0.0281445416293717
115,"RB",8.80066081701125,0.0283876304661224
116,"RB",8.77227318654513,0.0286500494043729
117,"RB",8.74362313714076,0.0289295286264313
118,"RB",8.71469360851432,0.029223776148207
119,"RB",8.68546983236612,0.0295304884380769
120,"RB",8.65593934392804,0.0298473609890095
121,"RB",8.62609198293903,0.0301720987597296
122,"RB",8.5959198841793,0.0305024264037321
123,"RB",8.56541745777557,0.0308360982080416
124,"RB",8.53458135956753,0.031170907668038
125,"RB",8.50341045189949,0.0315046966287547
126,"RB",8.47190575527073,0.0318353639297779
127,"RB",8.44007039134096,0.0321608734954051
128,"RB",8.40790951784555,0.0324792618194429
129,"RB",8.37543025602611,0.0327886448001724
130,"RB",8.34264161122594,0.0330872238887938
131,"RB",8.30955438733714,0.0333732915218192
132,"RB",8.27618109581532,0.0336452358155945
133,"RB",8.24253585999973,0.0339015445091349
134,"RB",8.20863431549059,0.0341408081487966
135,"RB",8.1744935073418,0.0343617225161825
136,"RB",8.14013178482561,0.0345630903079428
137,"RB",8.10556869451767,0.034743822083497
138,"RB",8.07082487243417,0.0349029365031708
139,"RB",8.035921935931,0.0350395598860267
140,"RB",8.00088237604498,0.0351529251223663
141,"RB",7.96572945092261,0.03524236998107
142,"RB",7.93048708094154,0.0353073348573432
143,"RB",7.8951797460842,0.0353473600096947
144,"RB",7.8598323860745,0.0353620823394696
145,"RB",7.82447030373503,0.0353512317678621
146,"RB",7.78911907196717,0.0353146272686606
147,"RB",7.75380444469851,0.035252172615178
148,"RB",7.71855227208333,0.0351638519012081
149,"RB",7.68338842018212,0.0350497248951349
150,"RB",7.64833869528699,0.0349099222861273
151,"RB",7.61342877300086,0.0347446408791141
152,"RB",7.57868413212175,0.0345541387936406
153,"RB",7.54412999332811,0.0343387307187042
154,"RB",7.5097912626094,0.0340987832721771
155,"RB",7.47569247933723,0.0338347105098791
156,"RB",7.44185776882735,0.0335469696246751
157,"RB",7.40831079920267,0.0332360568719707
158,"RB",7.3750747423307,0.0329025037513979
159,"RB",7.3421722385793,0.0325468734715546
160,"RB",7.30962536510775,0.0321697577167273
161,"RB",7.27745560739102,0.0317717737307399
162,"RB",7.24568383366028,0.0313535617263909
163,"RB",7.21433027193389,0.0309157826240352
164,"RB",7.18341448930986,0.0304591161167345
165,"RB",7.15295537319312,0.0299842590548289
166,"RB",7.12297111413829,0.029491924136912
167,"RB",7.09347919000138,0.0289828388902684
168,"RB",7.06449635111111,0.0284577449186889
169,"RB",7.03603860619242,0.0279173973922431
170,"RB",7.00812120880018,0.0273625647496685
171,"RB",6.98075864405051,0.0267940285812847
172,"RB",6.95396461546923,0.0262125836576477
173,"RB",6.92775203181158,0.0256190380676475
174,"RB",6.90213299374393,0.0250142134282783
175,"RB",6.87711878031565,0.0243989451271807
176,"RB",6.85271983518847,0.0237740825600143
177,"RB",6.82894575262846,0.0231404893241391
178,"RB",6.80580526330432,0.0224990433319077
179,"RB",6.78330621997241,0.0218506368079225
180,"RB",6.76145558316449,0.0211961761377895
181,"RB",6.7402594070267,0.0205365815373701
182,"RB",6.71972282548933,0.0198727865156973
183,"RB",6.69985003897363,0.0192057371079057
184,"RB",6.68064430186573,0.0185363908584533
185,"RB",6.66210791100727,0.0178657155395623
186,"RB",6.64424219546771,0.0171946875935527
187,"RB",6.62704750787416,0.0165242902937903
188,"RB",6.61052321758037,0.0158555116223127
189,"RB",6.59466770595805,0.0151893418680364
190,"RB",6.57947836409002,0.0145267709545429
191,"RB",6.56495159313548,0.013868785510124
192,"RB",6.55108280762535,0.013216365698792
193,"RB",6.53786644192656,0.0125704818345467
194,"RB",6.52529596009201,0.0119320908056935
195,"RB",6.51336386928632,0.0113021323395941
196,"RB",6.50206173694673,0.0106815251426928
197,"RB",6.49138021180403,0.0100711629515793
198,"RB",6.48130904885245,0.00947191053659857
199,"RB",6.47183713831585,0.00888459969815081
200,"RB",6.4629525386177,0.00831002529940239
201,"RB",6.4546425133183,0.00774894138077986
202,"RB",6.44689357193752,0.00720205739831137
203,"RB",6.43969151453921,0.00667003463248506
204,"RB",6.43302147990673,0.00615348280970451
205,"RB",6.42686799709702,0.00565295697822332
206,"RB",6.4212150401188,0.00516895467883494
207,"RB",6.41604608543996,0.00470191344767912
208,"RB",6.41134417199228,0.00425220868413856
209,"RB",6.40709196330814,0.00382015191558516
210,"RB",6.40327181139256,0.00340598948449777
211,"RB",6.39986582190806,0.00300990167936188
212,"RB",6.3968559202287,0.00263200232752236
213,"RB",6.39422391790118,0.00227233885925759
214,"RB",6.39195157904192,0.00193089285213865
215,"RB",6.39002068618978,0.00160758105396397
216,"RB",6.38841310513582,0.00130225687970409
217,"RB",6.38711084825611,0.00101471237234474
218,"RB",6.38609613588377,0.000744680610040405
219,"RB",6.38535145527373,0.000491838537351796
220,"RB",6.38485961673638,0.000255810193560357
221,"RB",6.38460380654282,3.61703044529094e-05
222,"RB",6.38456763623836,0
223,"RB",6.38456763623836,0
224,"RB",6.38456763623836,0
225,"RB",6.38456763623836,0
226,"RB",6.38456763623836,0
227,"RB",6.38456763623836,0
228,"RB",6.38456763623836,0
229,"RB",6.38456763623836,0
230,"RB",6.38456763623836,0
231,"RB",6.38456763623836,0
232,"RB",6.38456763623836,0
233,"RB",6.38456763623836,0
234,"RB",6.38456763623836,0
235,"RB",6.38456763623836,0
236,"RB",6.38456763623836,0
237,"RB",6.38456763623836,0
238,"RB",6.38456763623836,0
239,"RB",6.38456763623836,0
240,"RB",6.38456763623836,0
241,"RB",6.38456763623836,0
242,"RB",6.38456763623836,0
243,"RB",6.38456763623836,0
244,"RB",6.38456763623836,0
245,"RB",6.38456763623836,0
246,"RB",6.38456763623836,0
247,"RB",6.38456763623836,0
248,"RB",6.38456763623836,0
249,"RB",6.38456763623836,0
250,"RB",6.38456763623836,NA
4,"QB",21.3922874907764,0.0462134551841977
5,"QB",21.3460740355922,0.0462153260042477
6,"QB",21.2998587095879,0.0462177526066476
7,"QB",21.2536409569813,0.0462206353713839
8,"QB",21.2074203216099,0.0462238099602708
9,"QB",21.1611965116496,0.0462270503740534
10,"QB",21.1149694612756,0.0462300721937368
11,"QB",21.0687393890818,0.0462325360172784
12,"QB",21.0225068530645,0.046234051100086
13,"QB",20.9762728019645,0.0462341792032994
14,"QB",20.9300386227612,0.0462324386502111
15,"QB",20.8838061841109,0.0462283085882937
16,"QB",20.8375778755227,0.0462212334504422
17,"QB",20.7913566420722,0.0462106276064702
18,"QB",20.7451460144657,0.046195880192343
19,"QB",20.6989501342734,0.0461763601028728
20,"QB",20.6527737741705,0.0461514211296574
21,"QB",20.6066223530409,0.0461204072251498
22,"QB",20.5605019458157,0.0460826578700271
23,"QB",20.5144192879457,0.0460375135202469
24,"QB",20.4683817744254,0.0459843211073903
25,"QB",20.4223974533181,0.0459224395645315
26,"QB",20.3764750137535,0.0458512453485547
27,"QB",20.330623768405,0.0457701379281659
28,"QB",20.2848536304768,0.0456785452060089
29,"QB",20.2391750852708,0.0455759288421476
30,"QB",20.1935991564286,0.0454617894460974
31,"QB",20.1481373669825,0.0453356716030164
32,"QB",20.1028016953795,0.0451971687009802
33,"QB",20.0576045266785,0.0450459275248001
34,"QB",20.0125585991537,0.0448816525831717
35,"QB",19.9676769465706,0.044704110135914
36,"QB",19.9229728364347,0.0445131318892251
37,"QB",19.8784597045454,0.044308618327296
38,"QB",19.8341510862181,0.044090541651066
39,"QB",19.7900605445671,0.0438589482948366
40,"QB",19.7462015962722,0.04361396099522
41,"QB",19.702587635277,0.0433557803870741
42,"QB",19.6592318548899,0.0430846861049865
43,"QB",19.616147168785,0.042801037370598
44,"QB",19.5733461314144,0.0425052730490734
45,"QB",19.5308408583653,0.0421979111610753
46,"QB",19.4886429472042,0.0418795478403062
47,"QB",19.4467633993639,0.0415508557293194
48,"QB",19.4052125436346,0.0412125818106972
49,"QB",19.3639999618239,0.0408655446743218
50,"QB",19.3231344171496,0.0405106312250609
51,"QB",19.2826237859245,0.0401487928398261
52,"QB",19.2424749930847,0.0397810409866501
53,"QB",19.202693952098,0.039408442322717
54,"QB",19.1632855097753,0.0390321132929365
55,"QB",19.1242533964824,0.0386532142539089
56,"QB",19.0856001822285,0.03827294315332
57,"QB",19.0473272390751,0.0378925287982419
58,"QB",19.0094347102769,0.0375132237498654
59,"QB",18.971921486527,0.0371362968860112
60,"QB",18.934785189641,0.0367630256767022
61,"QB",18.8980221639643,0.036394688220394
62,"QB",18.8616274757439,0.0360325550932536
63,"QB",18.8255949206507,0.0356778810647
64,"QB",18.789917039586,0.0353318967363947
65,"QB",18.7545851428496,0.034995800163319
66,"QB",18.7195893426863,0.0346707485169482
67,"QB",18.6849185941693,0.0343578498526185
68,"QB",18.6505607443167,0.0340581550429739
69,"QB",18.6165025892737,0.033772649940417
70,"QB",18.5827299393333,0.0335022478310982
71,"QB",18.5492276915022,0.0332477822419825
72,"QB",18.5159799092602,0.0330100001617453
73,"QB",18.4829699090985,0.0327895557343219
74,"QB",18.4501803533642,0.0325870044816448
75,"QB",18.4175933488825,0.0324027981092492
76,"QB",18.3851905507733,0.032237279945484
77,"QB",18.3529532708278,0.0320906810608221
78,"QB",18.320862589767,0.0319631171098536
79,"QB",18.2888994726571,0.0318545859336901
80,"QB",18.2570448867234,0.0317649659552117
81,"QB",18.2252799207682,0.0316940153946099
82,"QB",18.1935859053736,0.0316413723259537
83,"QB",18.1619445330476,0.031606555590141
84,"QB",18.1303379774575,0.0315889665726345
85,"QB",18.0987490108849,0.0315878918479342
86,"QB",18.0671611190369,0.0316025066857399
87,"QB",18.0355586123512,0.0316318794071293
88,"QB",18.0039267329441,0.0316749765717041
89,"QB",17.9722517563724,0.031730668970134
90,"QB",17.9405210874022,0.031797738389205
91,"QB",17.908723349013,0.0318748851101134
92,"QB",17.8768484639029,0.031960736094014
93,"QB",17.8448877278089,0.0320538538025055
94,"QB",17.8128338740064,0.0321527455949848
95,"QB",17.7806811284114,0.0322558736390199
96,"QB",17.7484252547724,0.0323616652648369
97,"QB",17.7160635895075,0.0324685236905502
98,"QB",17.683595065817,0.0325748390401017
99,"QB",17.6510202267769,0.0326789995733954
100,"QB",17.6183412272035,0.0327794030439428
101,"QB",17.5855618241596,0.0328744680982815
102,"QB",17.5526873560613,0.0329626456291479
103,"QB",17.5197247104321,0.0330424299941861
104,"QB",17.4866822804379,0.0331123700111924
105,"QB",17.4535699104267,0.0331710796424787
106,"QB",17.4203988307843,0.0332172482818507
107,"QB",17.3871815825024,0.0332496505597923
108,"QB",17.3539319319426,0.0332671555862767
109,"QB",17.3206647763563,0.0332687355531043
110,"QB",17.2873960408032,0.0332534736233256
111,"QB",17.2541425671799,0.0332205710395144
112,"QB",17.2209219961404,0.0331693533888995
113,"QB",17.1877526427515,0.0330992759696116
114,"QB",17.1546533667819,0.0330099282090472
115,"QB",17.1216434385728,0.0329010370930973
116,"QB",17.0887424014797,0.0327724695725067
117,"QB",17.0559699319072,0.0326242339211156
118,"QB",17.0233456979861,0.032456480028948
119,"QB",16.9908892179572,0.0322694986223802
120,"QB",16.9586197193348,0.0320637194118412
121,"QB",16.926555999923,0.0318397081770989
122,"QB",16.8947162917459,0.0315981628088551
123,"QB",16.863118128937,0.0313399083341466
124,"QB",16.8317782206029,0.0310658909621928
125,"QB",16.8007123296407,0.0307771711951936
126,"QB",16.7699351584455,0.0304749160573685
127,"QB",16.7394602423881,0.0301603905026546
128,"QB",16.7092998518854,0.0298349480691158
129,"QB",16.6794649038163,0.0295000208547549
130,"QB",16.6499648829616,0.0291571088952267
131,"QB",16.6208077740663,0.028807769029779
132,"QB",16.5920000050366,0.0284536033460618
133,"QB",16.5635464016905,0.0280962472985102
134,"QB",16.535450154392,0.0277373575979567
135,"QB",16.507712796794,0.0273785999726393
136,"QB",16.4803341968214,0.0270216369015159
137,"QB",16.4533125599199,0.0266681154219555
138,"QB",16.4266444444979,0.0263196551128821
139,"QB",16.400324789385,0.0259778363530785
140,"QB",16.374346953032,0.0256441889526862
141,"QB",16.3487027640793,0.0253201812516082
142,"QB",16.3233825828277,0.0250072097758967
143,"QB",16.2983753730518,0.0247065895371996
144,"QB",16.2736687835146,0.0244195450550997
145,"QB",16.2492492384595,0.0241472021763798
146,"QB",16.2251020362831,0.0238905807567313
147,"QB",16.2012114555264,0.0236505882647329
148,"QB",16.1775608672616,0.0234280143576022
149,"QB",16.154132852904,0.0232235264713303
150,"QB",16.1309093264327,0.0230376664574017
151,"QB",16.1078716599753,0.0228708482897702
152,"QB",16.0850008116855,0.0227233568555896
153,"QB",16.0622774548299,0.0225953478335441
154,"QB",16.0396821069964,0.0224868486543173
155,"QB",16.0171952583421,0.0223977605270669
156,"QB",15.994797497815,0.0223278615070281
157,"QB",15.972469636308,0.0222768105694939
158,"QB",15.9501928257385,0.0222441526466621
159,"QB",15.9279486730918,0.0222293245747895
160,"QB",15.905719348517,0.0222316618916683
161,"QB",15.8834876866254,0.0222504064158677
162,"QB",15.8612372802095,0.0222847145333223
163,"QB",15.8389525656762,0.0223336661098568
164,"QB",15.8166188995663,0.022396273942956
165,"QB",15.7942226256234,0.0224714936619659
166,"QB",15.7717511319614,0.0225582339811314
167,"QB",15.7491928979803,0.0226553672084808
168,"QB",15.7265375307718,0.0227617399099511
169,"QB",15.7037757908618,0.0228761836287887
170,"QB",15.6808996072331,0.0229975255591039
171,"QB",15.6579020816739,0.0231245990741744
172,"QB",15.6347774825998,0.0232562540114394
173,"QB",15.6115212285883,0.0233913666194443
174,"QB",15.5881298619689,0.0235288490755625
175,"QB",15.5646010128933,0.0236676584878754
176,"QB",15.5409333544055,0.0238068053001204
177,"QB",15.5171265491053,0.0239453610251275
178,"QB",15.4931811880802,0.0240824652384806
179,"QB",15.4690987228417,0.024217331772368
180,"QB",15.4448813910694,0.024349254057384
181,"QB",15.420532137012,0.0244776095687573
182,"QB",15.3960545274432,0.0246018633426335
183,"QB",15.3714526641006,0.0247215705370305
184,"QB",15.3467310935635,0.0248363780224725
185,"QB",15.3218947155411,0.0249460249958773
186,"QB",15.2969486905452,0.0250503426219542
187,"QB",15.2718983479232,0.025149252715865
188,"QB",15.2467490952074,0.0252427654896863
189,"QB",15.2215063297177,0.0253309763956846
190,"QB",15.196175353322,0.0254140621073571
191,"QB",15.1707612912147,0.0254922756877427
192,"QB",15.1452690155269,0.0255659410033964
193,"QB",15.1197030745235,0.0256354464484509
194,"QB",15.0940676280751,0.0257012380508588
195,"QB",15.0683663900242,0.0257638120386421
196,"QB",15.0426025779856,0.0258237069486711
197,"QB",15.0167788710369,0.0258814953658142
198,"QB",14.9908973756711,0.0259377753825962
199,"QB",14.9649596002885,0.0259931618729166
200,"QB",14.9389664384156,0.026048277674672
201,"QB",14.9129181607409,0.0261037447764831
202,"QB",14.8868144159644,0.0261601756040211
203,"QB",14.8606542403604,0.0262181644995625
204,"QB",14.8344360758608,0.0262782794865863
205,"QB",14.8081577963742,0.0263410544078742
206,"QB",14.7818167419664,0.0264069815217898
207,"QB",14.7554097604446,0.0264765046364346
208,"QB",14.7289332558081,0.0265500128556919
209,"QB",14.7023832429524,0.0266278350052094
210,"QB",14.6757554079472,0.0267102347987223
211,"QB",14.6490451731485,0.0267974067984493
212,"QB",14.6222477663501,0.0268894732141902
213,"QB",14.5953582931359,0.0269864815781116
214,"QB",14.5683718115578,0.0270884033228906
215,"QB",14.5412834082349,0.0271951332821203
216,"QB",14.5140882749528,0.027306490122335
217,"QB",14.4867817848304,0.0274222177071479
218,"QB",14.4593595671233,0.0275419873846641
219,"QB",14.4318175797386,0.0276654011800783
220,"QB",14.4041521785585,0.0277919958671475
221,"QB",14.3763601826914,0.0279212478830093
222,"QB",14.3484389348084,0.0280525790436155
223,"QB",14.3203863557648,0.0281853630090936
224,"QB",14.2922009927557,0.0283189324414614
225,"QB",14.2638820603142,0.0284525867913601
226,"QB",14.2354294735228,0.0285856006444742
227,"QB",14.2068438728784,0.0287172325542056
228,"QB",14.1781266403242,0.0288467342830536
229,"QB",14.1492799060411,0.0289733603725519
230,"QB",14.1203065456686,0.0290963779599078
231,"QB",14.0912101677086,0.0292150767578931
232,"QB",14.0619950909508,0.0293287791159518
233,"QB",14.0326663118348,0.0294368500805735
234,"QB",14.0032294617542,0.0295387073755471
235,"QB",13.9736907543787,0.0296338312266116
236,"QB",13.9440569231521,0.0297217739580979
237,"QB",13.914335149194,0.0298021692958077
238,"QB",13.8845329798982,0.0298747413156359
239,"QB",13.8546582385825,0.0299393129851424
240,"QB",13.8247189255974,0.0299958142536134
241,"QB",13.7947231113438,0.0300442896544517
242,"QB",13.7646788216893,0.0300849053945011
243,"QB",13.7345939162948,0.0301179559145464
244,"QB",13.7044759603803,0.0301438699174064
245,"QB",13.6743320904629,0.0301632158710419
246,"QB",13.6441688745918,0.030176707007616
247,"QB",13.6139921675842,0.0301852058515149
248,"QB",13.5838069617327,0.0301897283235117
249,"QB",13.5536172334092,0.0301914474822702
250,"QB",13.5234257859269,NA
1,"WR",18.4848085001933,0.107562744009936
2,"WR",18.3772457561833,0.107556301749629
3,"WR",18.2696894544337,0.107539214469131
4,"WR",18.1621502399646,0.107506795662413
5,"WR",18.0546434443022,0.107454799347003
6,"WR",17.9471886449552,0.107379412794195
7,"WR",17.839809232161,0.107277248735919
8,"WR",17.732531983425,0.107145336948438
9,"WR",17.6253866464766,0.106981115128868
10,"WR",17.5184055313477,0.106782418996048
11,"WR",17.4116231123517,0.106547471562326
12,"WR",17.3050756407894,0.106274871538282
13,"WR",17.1988007692511,0.105963580845561
14,"WR",17.0928371884055,0.105612911228029
15,"WR",16.9872242771775,0.10522250996403
16,"WR",16.8820017672135,0.104792344695511
17,"WR",16.7772094225179,0.104322687401194
18,"WR",16.6728867351168,0.103814097553453
19,"WR",16.5690726375633,0.103267404508031
20,"WR",16.4658052330553,0.102683689185973
21,"WR",16.3631215438693,0.102064265116034
22,"WR",16.2610572787533,0.101410658914482
23,"WR",16.1596466198388,0.100724590285196
24,"WR",16.0589220295536,0.100007951630499
25,"WR",15.9589140779231,0.0992627873682039
26,"WR",15.8596512905549,0.0984912730540728
27,"WR",15.7611600175008,0.0976956944134422
28,"WR",15.6634643230874,0.0968784263875264
29,"WR",15.5665858966998,0.0960419123016063
30,"WR",15.4705439843982,0.0951886432630946
31,"WR",15.3753553411351,0.0943211378969977
32,"WR",15.2810342032381,0.0934419225247964
33,"WR",15.1875922807133,0.0925535118911327
34,"WR",15.0950387688222,0.0916583905393313
35,"WR",15.0033803782829,0.0907589949328251
36,"WR",14.9126213833501,0.0898576964153595
37,"WR",14.8227636869347,0.0889567850973609
38,"WR",14.7338069018373,0.0880584547496142
39,"WR",14.6457484470877,0.0871647887792228
40,"WR",14.5585836583085,0.086277747355199
41,"WR",14.4723059109533,0.0853991557438452
42,"WR",14.3869067552095,0.0845306939056449
43,"WR",14.3023760613038,0.0836738873969356
44,"WR",14.2187021739069,0.0828300996113125
45,"WR",14.1358720742956,0.0820005253863094
46,"WR",14.0538715489093,0.0811861859920793
47,"WR",13.9726853629172,0.0803879255096422
48,"WR",13.8922974374075,0.0796064085969448
49,"WR",13.8126910288106,0.0788421196322009
50,"WR",13.7338489091784,0.0780953632148886
51,"WR",13.6557535459635,0.0773662659958756
52,"WR",13.5783872799676,0.0766547798001085
53,"WR",13.5017325001675,0.0759606859968507
54,"WR",13.4257718141707,0.0752836010650384
55,"WR",13.3504882131056,0.0746229832935441
56,"WR",13.2758652298121,0.0739781405500057
57,"WR",13.2018870892621,0.0733482390452025
58,"WR",13.1285388502169,0.0727323130142938
59,"WR",13.0558065372026,0.0721292752316334
60,"WR",12.9836772619709,0.0715379282707165
61,"WR",12.9121393337002,0.0709569764178433
62,"WR",12.8411823572824,0.0703850381446589
63,"WR",12.7707973191377,0.0698206590422323
64,"WR",12.7009766600955,0.0692623251180784
65,"WR",12.6317143349774,0.0687084763562904
66,"WR",12.5630058586211,0.0681575204408595
67,"WR",12.4948483381803,0.0676078465426926
68,"WR",12.4272404916376,0.0670578390719054
69,"WR",12.3601826525657,0.0665058912988972
70,"WR",12.2936767612668,0.065950418750127
71,"WR",12.2277263425166,0.0653898722875024
72,"WR",12.1623364702291,0.0648227507838666
73,"WR",12.0975137194453,0.0642476133116467
74,"WR",12.0332661061336,0.0636630907657079
75,"WR",11.9696030153679,0.0630678968474001
76,"WR",11.9065351185205,0.0624608383414653
77,"WR",11.8440742801791,0.061840824624479
78,"WR",11.7822334555546,0.0612068763484643
79,"WR",11.7210265792061,0.0605581332510745
80,"WR",11.660468445955,0.0598938610495132
81,"WR",11.6005745849055,0.0592134573828691
82,"WR",11.5413611275227,0.0585164567742904
83,"WR",11.4828446707484,0.057802534591394
84,"WR",11.425042136157,0.0570715099909087
85,"WR",11.3679706261661,0.0563233478398644
86,"WR",11.3116472783262,0.055558159613291
87,"WR",11.2560891187129,0.0547762032747539
88,"WR",11.2013129154382,0.0539778821531378
89,"WR",11.147335033285,0.0531637428350269
90,"WR",11.09417129045,0.0523344720987993
91,"WR",11.0418368183512,0.0514908929218798
92,"WR",10.9903459254293,0.0506339595988337
93,"WR",10.9397119658305,0.0497647520123952
94,"WR",10.8899472138181,0.0488844691051131
95,"WR",10.841062744713,0.047994421603283
96,"WR",10.7930683231097,0.0470960240489848
97,"WR",10.7459722990607,0.0461907861995243
98,"WR",10.6997815128612,0.0452803038569147
99,"WR",10.6545012090043,0.0443662491921923
100,"WR",10.6101349598121,0.0434503606322068
101,"WR",10.5666845991799,0.0425344323775416
102,"WR",10.5241501668023,0.041620303622004
103,"WR",10.4825298631803,0.040709847544397
104,"WR",10.4418200156359,0.03980496014408
105,"WR",10.4020150554918,0.0389075489912081
106,"WR",10.3631075065006,0.038019521962271
107,"WR",10.3250879845384,0.0371427760303398
108,"WR",10.287945208508,0.0362791861781737
109,"WR",10.2516660223298,0.035430594500399
110,"WR",10.2162354278294,0.0345987995588359
111,"WR",10.1816366282706,0.0337855460525773
112,"WR",10.147851082218,0.0329925148615189
113,"WR",10.1148585673565,0.0322213135190594
114,"WR",10.0826372538375,0.0314734671660943
115,"WR",10.0511637866714,0.0307504100348854
116,"WR",10.0204133766365,0.0300534775077601
117,"WR",9.99035989912871,0.0293838987910249
118,"WR",9.96097600033769,0.0287427902411501
119,"WR",9.93223321009654,0.0281311493748806
120,"WR",9.90410206072166,0.0275498495916935
121,"WR",9.87655221112997,0.0269996356315243
122,"WR",9.84955257549844,0.0264811197868671
123,"WR",9.82307145571157,0.0259947788834491
124,"WR",9.79707667682812,0.02554095203927
125,"WR",9.77153572478885,0.025119839207111
126,"WR",9.74641588558174,0.0247315005015825
127,"WR",9.72168438508016,0.0243758563067402
128,"WR",9.69730852877342,0.0240526881567948
129,"WR",9.67325584061663,0.0237616403773497
130,"WR",9.64949420023928,0.0235022224715209
131,"WR",9.62599197776776,0.0232738122306291
132,"WR",9.60271816553713,0.0230756595458459
133,"WR",9.57964250599128,0.022906890893406
134,"WR",9.55673561509787,0.0227665144629334
135,"WR",9.53396910063494,0.0226534258948536
136,"WR",9.51131567474009,0.0225664145903348
137,"WR",9.48874926014975,0.0225041705543205
138,"WR",9.46624508959543,0.0224652917296222
139,"WR",9.44377979786581,0.0224482917781579
140,"WR",9.42133150608765,0.0224516082630721
141,"WR",9.39887989782458,0.0224736111839388
142,"WR",9.37640628664064,0.0225126118158663
143,"WR",9.35389367482477,0.022566871801839
144,"WR",9.33132680302294,0.0226346124470602
145,"WR",9.30869219057588,0.0227140241629371
146,"WR",9.28597816641294,0.0228032760085295
147,"WR",9.26317489040441,0.0229005252763752
148,"WR",9.24027436512803,0.0230039270706222
149,"WR",9.21727043805741,0.0231116438248193
150,"WR",9.19415879423259,0.0232218547083285
151,"WR",9.17093693952426,0.0233327648703252
152,"WR",9.14760417465394,0.023442614472156
153,"WR",9.12416156018178,0.0235496874598908
154,"WR",9.10061187272189,0.0236523200306138
155,"WR",9.07695955269128,0.0237489087478053
156,"WR",9.05321064394347,0.0238379182633341
157,"WR",9.02937272568014,0.0239178886060412
158,"WR",9.0054548370741,0.023987441998635
159,"WR",8.98146739507546,0.02404528916861
160,"WR",8.95742210590685,0.0240902351204042
161,"WR",8.93333187078645,0.024121184340137
162,"WR",8.90921068644631,0.024137145406721
163,"WR",8.88507354103959,0.0241372349869593
164,"WR",8.86093630605263,0.0241206811955408
165,"WR",8.83681562485709,0.0240868263042788
166,"WR",8.81272879855281,0.0240351287889471
167,"WR",8.78869366976386,0.0239651647055208
168,"WR",8.76472850505834,0.0238766283914913
169,"WR",8.74085187666685,0.0237693324919057
170,"WR",8.71708254417495,0.0236432073136648
171,"WR",8.69343933686128,0.0234982995149942
172,"WR",8.66994103734629,0.0233347701416236
173,"WR",8.64660626720466,0.0231528920243189
174,"WR",8.62345337518035,0.0229530465565837
175,"WR",8.60050032862376,0.0227357198745217
176,"WR",8.57776460874924,0.0225014984650507
177,"WR",8.55526311028419,0.0222510642313658
178,"WR",8.53301204605282,0.0219851890481717
179,"WR",8.51102685700465,0.0217047288421455
180,"WR",8.48932212816251,0.0214106172362296
181,"WR",8.46791151092628,0.0211038587984671
182,"WR",8.44680765212781,0.0207855219389526
183,"WR",8.42602213018886,0.0204567315007491
184,"WR",8.40556539868811,0.0201186610918676
185,"WR",8.38544673759624,0.0197725252078982
186,"WR",8.36567421238834,0.0194195711953284
187,"WR",8.34625464119301,0.0190610711074335
188,"WR",8.32719357008558,0.0186983135045704
189,"WR",8.30849525658101,0.0183325952513318
190,"WR",8.29016266132968,0.017965213363512
191,"WR",8.27219744796617,0.0175974569565049
192,"WR",8.25459999100966,0.0172305993468935
193,"WR",8.23736939166277,0.016865890357824
194,"WR",8.22050350130494,0.0165045488770303
195,"WR",8.20399895242791,0.0161477557150409
196,"WR",8.18785119671287,0.0157966468090418
197,"WR",8.17205454990383,0.015452306815078
198,"WR",8.15660224308875,0.0151157631295256
199,"WR",8.14148647995923,0.0147879803767275
200,"WR",8.1266984995825,0.0144698553969427
201,"WR",8.11222864418556,0.0141622127661876
202,"WR",8.09806643141937,0.0138658008735124
203,"WR",8.08420063054586,0.0135812885800757
204,"WR",8.07061934196578,0.0133092624782627
205,"WR",8.05731007948752,0.0130502247656281
206,"WR",8.04425985472189,0.0128045917440573
207,"WR",8.03145526297783,0.0125726929500232
208,"WR",8.01888257002781,0.0123547709167724
209,"WR",8.00652779911104,0.0121509815655507
210,"WR",7.99437681754549,0.0119613952180213
211,"WR",7.98241542232747,0.011785998216765
212,"WR",7.9706294241107,0.0116246951381171
213,"WR",7.95900472897258,0.0114773115746356
214,"WR",7.94752741739795,0.0113435974635605
215,"WR",7.93618381993439,0.011223230930244
216,"WR",7.92496058900414,0.0111158226139851
217,"WR",7.91384476639016,0.0110209204398988
218,"WR",7.90282384595026,0.0109380147958857
219,"WR",7.89188583115437,0.0108665440722984
220,"WR",7.88101928708207,0.010805900518239
221,"WR",7.87021338656384,0.0107554363669609
222,"WR",7.85945795019687,0.0107144701799573
223,"WR",7.84874348001692,0.0106822933587321
224,"WR",7.83806118665819,0.0106581767721501
225,"WR",7.82740300988604,0.010641377445058
226,"WR",7.81676163244098,0.0106311452567551
227,"WR",7.80613048718422,0.0106267295946374
228,"WR",7.79550375758958,0.0106273859115751
229,"WR",7.78487637167801,0.0106323821359418
230,"WR",7.77424398954207,0.0106410048847465
231,"WR",7.76360298465732,0.0106525654322116
232,"WR",7.75295041922511,0.0106664053897561
233,"WR",7.74228401383535,0.0106819020551265
234,"WR",7.73160211178023,0.010698473392484
235,"WR",7.72090363838774,0.0107155826092606
236,"WR",7.71018805577848,0.0107327422991368
237,"WR",7.69945531347935,0.010749518126369
238,"WR",7.68870579535298,0.0107655320298141
239,"WR",7.67794026332316,0.0107804649324956
240,"WR",7.66715979839067,0.010794058946364
241,"WR",7.6563657394443,0.0108061190686275
242,"WR",7.64555962037568,0.010816514372352
243,"WR",7.63474310600332,0.0108251786996663
244,"WR",7.62391792730366,0.0108321108728049
245,"WR",7.61308581643085,0.010837374445372
246,"WR",7.60224844198548,0.0108410970224639
247,"WR",7.59140734496302,0.0108434691848274
248,"WR",7.58056387577819,0.0108447430605594
249,"WR",7.56971913271763,0.0108452305939117
250,"WR",7.55887390212372,NA
6,"TE",16.4360018104199,0.0956927411508346
7,"TE",16.3403090692691,0.0956811671991389
8,"TE",16.24462790207,0.0956653521525865
9,"TE",16.1489625499174,0.0956445233230099
10,"TE",16.0533180265944,0.0956178715817515
11,"TE",15.9577001550126,0.0955845533179893
12,"TE",15.8621156016946,0.0955436924626643
13,"TE",15.7665719092319,0.0954943825911982
14,"TE",15.6710775266408,0.0954356891166004
15,"TE",15.5756418375242,0.0953666515872609
16,"TE",15.4802751859369,0.095286286101171
17,"TE",15.3849888998357,0.0951935878500052
18,"TE",15.2897953119857,0.0950875338055059
19,"TE",15.1947077781802,0.0949670855595084
20,"TE",15.0997406926207,0.094831192328952
21,"TE",15.0049095002917,0.094678794135957
22,"TE",14.9102307061558,0.0945088251706849
23,"TE",14.8157218809851,0.0943202173453361
24,"TE",14.7214016636398,0.0941119040430767
25,"TE",14.6272897595967,0.0938828240663021
26,"TE",14.5334069355304,0.0936319257841909
27,"TE",14.4397750097462,0.0933581714787159
28,"TE",14.3464168382675,0.0930605418842525
29,"TE",14.2533562963832,0.0927380409142966
30,"TE",14.1606182554689,0.0923897005647607
31,"TE",14.0682285549042,0.0920145859809658
32,"TE",13.9762139689232,0.0916118006721263
33,"TE",13.8846021682511,0.0911804918535424
34,"TE",13.7934216763975,0.0907198558940312
35,"TE",13.7027018205035,0.0902291438425937
36,"TE",13.6124726766609,0.0897076670054453
37,"TE",13.5227650096555,0.0891548025412661
38,"TE",13.4336102071142,0.0885699990400788
39,"TE",13.3450402080741,0.0879527820482409
40,"TE",13.2570874260259,0.0873027594997602
41,"TE",13.1697846665261,0.0866196270121087
42,"TE",13.083165039514,0.0859031730029436
43,"TE",12.9972618665111,0.0851532835823967
44,"TE",12.9121085829287,0.0843699471753574
45,"TE",12.8277386357533,0.0835532588265266
46,"TE",12.7441853769268,0.0827034241416111
47,"TE",12.6614819527852,0.0818207628183796
48,"TE",12.5796611899668,0.0809057117212149
49,"TE",12.4987554782456,0.0799588274552967
50,"TE",12.4187966507903,0.0789807883974269
51,"TE",12.3398158623929,0.077972396142961
52,"TE",12.2618434662499,0.0769345763316878
53,"TE",12.1849088899182,0.0758683788177485
54,"TE",12.1090405111005,0.0747749771535098
55,"TE",12.034265533947,0.0736556673606454
56,"TE",11.9606098665863,0.0725118659667796
57,"TE",11.8880980006195,0.0713451072909983
58,"TE",11.8167528933285,0.0701570399667357
59,"TE",11.7465958533618,0.0689494226963792
60,"TE",11.6776464306654,0.0677241192378535
61,"TE",11.6099223114276,0.0664830926295732
62,"TE",11.543439218798,0.0652283986665445
63,"TE",11.4782108201314,0.0639621786467934
64,"TE",11.4142486414847,0.0626866514136246
65,"TE",11.351561990071,0.0614041047261402
66,"TE",11.2901578853449,0.0601168859960985
67,"TE",11.2300409993488,0.0588273924361609
68,"TE",11.1712136069126,0.0575380606700886
69,"TE",11.1136755462425,0.0562513558614004
70,"TE",11.0574241903811,0.0549697604224004
71,"TE",11.0024544299587,0.0536957623705288
72,"TE",10.9487586675882,0.052431843403447
73,"TE",10.8963268241848,0.0511804667684821
74,"TE",10.8451463574163,0.0499440650054446
75,"TE",10.7952022924108,0.0487250276448581
76,"TE",10.746477264766,0.0475256889456919
77,"TE",10.6989515758203,0.0463483157586975
78,"TE",10.6526032600616,0.0451950956017786
79,"TE",10.6074081644598,0.0440681250345101
80,"TE",10.5633400394253,0.0429693984180783
81,"TE",10.5203706410072,0.0419007971455354
82,"TE",10.4784698438617,0.0408640794254431
83,"TE",10.4376057644362,0.0398608706989787
84,"TE",10.3977448937373,0.0388926547669062
85,"TE",10.3588522389704,0.0379607656990295
86,"TE",10.3208914732713,0.0370663805930871
87,"TE",10.2838250926782,0.0362105132452495
88,"TE",10.247614579433,0.0353940087874669
89,"TE",10.2122205706455,0.0346175393407258
90,"TE",10.1776030313048,0.033881600725552
91,"TE",10.1437214305792,0.0331865102638105
92,"TE",10.1105349203154,0.0325324056974541
93,"TE",10.078002514618,0.0319192452415855
94,"TE",10.0460832693764,0.0313468087804782
95,"TE",10.0147364605959,0.0308147002068093
96,"TE",9.98392176038911,0.0303223508945258
97,"TE",9.95359940949458,0.0298690242880912
98,"TE",9.92373038520649,0.0294538215809457
99,"TE",9.89427656362555,0.029075688447918
100,"TE",9.86520087517763,0.0287334227878588
101,"TE",9.83646745238977,0.0284256834242917
102,"TE",9.80804176896548,0.0281509997043976
103,"TE",9.77989076926108,0.027907781929386
104,"TE",9.75198298733169,0.0276943325421595
105,"TE",9.72428865478953,0.0275088579924425
106,"TE",9.69677979679709,0.0273494811936796
107,"TE",9.66943031560341,0.0272142544811711
108,"TE",9.64221606112224,0.0271011729771136
109,"TE",9.61511488814513,0.0270081882643378
110,"TE",9.58810669988079,0.0269332222686689
111,"TE",9.56117347761212,0.0268741812475994
112,"TE",9.53429929636452,0.0268289697825335
113,"TE",9.50747032658199,0.0267955046717887
114,"TE",9.4806748219102,0.0267717286224336
115,"TE",9.45390309328777,0.0267556236408364
116,"TE",9.42714746964693,0.0267452240246495
117,"TE",9.40040224562228,0.0267386288619598
118,"TE",9.37366361676032,0.0267340139481096
119,"TE",9.34692960281221,0.0267296430352975
120,"TE",9.32019995977691,0.0267238783359662
121,"TE",9.29347608144095,0.0267151902073213
122,"TE",9.26676089123363,0.0267021659511677
123,"TE",9.24005872528246,0.026683517671076
124,"TE",9.21337520761138,0.0266580891362427
125,"TE",9.18671711847514,0.0266248616104967
126,"TE",9.16009225686464,0.0265829586128383
127,"TE",9.1335092982518,0.0265316495854364
128,"TE",9.10697764866637,0.0264703524534635
129,"TE",9.0805072962129,0.0263986350706169
130,"TE",9.05410866114229,0.0263162155533561
131,"TE",9.02779244558893,0.0262229615153
132,"TE",9.00156948407363,0.0261188882229053
133,"TE",8.97545059585073,0.0260041557012531
134,"TE",8.94944644014947,0.0258790648276168
135,"TE",8.92356737532186,0.025744052458009
136,"TE",8.89782332286385,0.0255996856391718
137,"TE",8.87222363722467,0.0254466549656893
138,"TE",8.84677698225899,0.0252857671474853
139,"TE",8.8214912151115,0.0251179368590364
140,"TE",8.79637327825246,0.0249441779463435
141,"TE",8.77142910030612,0.0247655940715958
142,"TE",8.74666350623452,0.0245833688791954
143,"TE",8.72208013735533,0.024398755769095
144,"TE",8.69768138158623,0.0242130673652845
145,"TE",8.67346831422095,0.0240276647681927
146,"TE",8.64944064945276,0.0238439466800404
147,"TE",8.62559670277272,0.0236633384911862
148,"TE",8.60193336428153,0.0234872814145728
149,"TE",8.57844608286696,0.0233172217526967
150,"TE",8.55512886111426,0.0231546003789003
151,"TE",8.53197426073536,0.0230008425110739
152,"TE",8.50897341822429,0.0228573478515379
153,"TE",8.48611607037275,0.0227254811620945
154,"TE",8.46339058921065,0.0226065633377015
155,"TE",8.44078402587295,0.0225018630365401
156,"TE",8.41828216283641,0.0224125889176463
157,"TE",8.39586957391877,0.0223398825309431
158,"TE",8.37352969138782,0.0222848118972845
159,"TE",8.35124487949054,0.0222483658091424
160,"TE",8.3289965136814,0.0222314488753756
161,"TE",8.30676506480602,0.0222348773258307
162,"TE",8.28453018748019,0.0222593755847029
163,"TE",8.26227081189549,0.0223055736139983
164,"TE",8.23996523828149,0.0223740050214456
165,"TE",8.21759123326004,0.022465105920574
166,"TE",8.19512612733947,0.0225792145236863
167,"TE",8.17254691281578,0.0227165714429827
168,"TE",8.1498303413728,0.0228773206684103
169,"TE",8.12695302070439,0.0230615111862882
170,"TE",8.1038915095181,0.0232690991975151
171,"TE",8.08062241032059,0.023499950890109
172,"TE",8.05712245943048,0.0237538457169144
173,"TE",8.03336861371356,0.0240304801264664
174,"TE",8.0093381335871,0.0243294716926545
175,"TE",7.98500866189444,0.0246503635865345
176,"TE",7.96035829830791,0.024992629333016
177,"TE",7.93536566897489,0.0253556777945043
178,"TE",7.91000999118039,0.0257388583234297
179,"TE",7.88427113285696,0.0261414660266253
180,"TE",7.85812966683033,0.0265627470859879
181,"TE",7.83156691974434,0.0270019040812652
182,"TE",7.80456501566308,0.0274581012640338
183,"TE",7.77710691439905,0.0279304697339287
184,"TE",7.74917644466512,0.0284181124728713
185,"TE",7.72075833219225,0.0289201091956119
186,"TE",7.69183822299663,0.0294355209798818
187,"TE",7.66240270201675,0.0299633946439499
188,"TE",7.6324393073728,0.030502766843596
189,"TE",7.60193654052921,0.031052667866077
190,"TE",7.57088387266313,0.0316121251032886
191,"TE",7.53927174755984,0.0321801661916528
192,"TE",7.50709158136819,0.0327558218113895
193,"TE",7.4743357595568,0.0333381281428995
194,"TE",7.4409976314139,0.0339261289827562
195,"TE",7.40707150243114,0.0345188775271073
196,"TE",7.37255262490403,0.0351154378342535
197,"TE",7.33743718706978,0.0357148859827587
198,"TE",7.30172230108702,0.036316310945848
199,"TE",7.26540599014117,0.0369188152054036
200,"TE",7.22848717493577,0.0375215151332924
201,"TE",7.19096565980248,0.0381235411699414
202,"TE",7.15284211863254,0.0387240378321367
203,"TE",7.1141180808004,0.0393221635847851
204,"TE",7.07479591721562,0.0399170906119801
205,"TE",7.03487882660364,0.0405080045238222
206,"TE",6.99437082207981,0.0410941040359951
207,"TE",6.95327671804382,0.0416746006590198
208,"TE",6.9116021173848,0.0422487184329192
209,"TE",6.86935339895188,0.0428156937430861
210,"TE",6.82653770520879,0.0433747752503297
211,"TE",6.78316292995846,0.0439252239673698
212,"TE",6.73923770599109,0.0444663135107337
213,"TE",6.69477139248036,0.0449973305549154
214,"TE",6.64977406192544,0.0455175755126138
215,"TE",6.60425648641283,0.0460263634612783
216,"TE",6.55823012295155,0.046523025333042
217,"TE",6.51170709761851,0.0470069093812064
218,"TE",6.4647001882373,0.0474773829328647
219,"TE",6.41722280530444,0.0479338344330777
220,"TE",6.36928897087136,0.0483756757824896
221,"TE",6.32091329508887,0.0488023449658863
222,"TE",6.27211095012299,0.0492133089659035
223,"TE",6.22289764115708,0.0496080669521417
224,"TE",6.17328957420494,0.0499861537325028
225,"TE",6.12330342047244,0.0503471434500966
226,"TE",6.07295627702234,0.0506906535066118
227,"TE",6.02226562351573,0.0510163486896094
228,"TE",5.97124927482612,0.0513239454793091
229,"TE",5.91992532934681,0.0516132165085121
230,"TE",5.8683121128383,0.0518839951473744
231,"TE",5.81642811769092,0.0521361801835099
232,"TE",5.76429193750741,0.0523697405680927
233,"TE",5.71192219693932,0.0525847201971494
234,"TE",5.65933747674217,0.0527812426981562
235,"TE",5.60655623404402,0.0529595161928516
236,"TE",5.55359671785116,0.0531198380075661
237,"TE",5.5004768798436,0.0532625993052545
238,"TE",5.44721428053834,0.0533882896139577
239,"TE",5.39382599092439,0.0534975012301899
240,"TE",5.3403284896942,0.0535909334781586
241,"TE",5.28673755621604,0.0536693968091804
242,"TE",5.23306815940686,0.0537338167286681
243,"TE",5.17933434267819,0.0537852375440693
244,"TE",5.12554910513412,0.0538248259285226
245,"TE",5.0717242792056,0.0538538743029591
246,"TE",5.01787040490264,0.0538738040414088
247,"TE",4.96399660086123,0.0538861685114309
248,"TE",4.9101104323498,0.0538926559660364
249,"TE",4.85621777638376,0.0538950923088137
250,"TE",4.80232268407495,NA
79,"DST",7.93953223782802,0.0045508077122145
80,"DST",7.93498143011581,0.00456865695468434
81,"DST",7.93041277316112,0.00458641298582663
82,"DST",7.9258263601753,0.00460388563477565
83,"DST",7.92122247454052,0.00462087154533553
84,"DST",7.91660160299519,0.00463715489607974
85,"DST",7.91196444809911,0.00465250825355135
86,"DST",7.90731193984555,0.00466669355769689
87,"DST",7.90264524628786,0.00467946323783952
88,"DST",7.89796578305002,0.00469056145603464
89,"DST",7.89327522159398,0.00469972547380593
90,"DST",7.88857549612018,0.00470668713687061
91,"DST",7.88386880898331,0.00471117447143587
92,"DST",7.87915763451187,0.00471291338444502
93,"DST",7.87444472112743,0.0047116294591163
94,"DST",7.86973309166831,0.00470704983592096
95,"DST",7.86502604183239,0.00469890516833882
96,"DST",7.86032713666405,0.00468693164150746
97,"DST",7.85564020502254,0.00467087304123748
98,"DST",7.8509693319813,0.00465048285991632
99,"DST",7.84631884912139,0.00462552642514513
100,"DST",7.84169332269624,0.00459578303633634
101,"DST",7.83709753965991,0.00456104809404678
102,"DST",7.83253649156586,0.00452113520627151
103,"DST",7.82801535635959,0.0044758782558656
104,"DST",7.82353947810372,0.00442513341290862
105,"DST",7.81911434469081,0.00436878107592165
106,"DST",7.81474556361489,0.00430672772596896
107,"DST",7.81043883588892,0.00423890767783153
108,"DST",7.80619992821109,0.00416528471289013
109,"DST",7.8020346434982,0.00408585357890523
110,"DST",7.7979487899193,0.00400064134246492
111,"DST",7.79394814857683,0.00390970858060413
112,"DST",7.79003843999623,0.00381315039926111
113,"DST",7.78622528959697,0.00371109726685503
114,"DST",7.78251419233011,0.00360371565280904
115,"DST",7.7789104766773,0.0034912084618588
116,"DST",7.77541926821544,0.00337381525633429
117,"DST",7.77204545295911,0.00325181226015303
118,"DST",7.76879364069896,0.00312551213969225
119,"DST",7.76566812855926,0.00299526355818003
120,"DST",7.76267286500108,0.00286145050210695
121,"DST",7.75981141449898,0.0027244913795661
122,"DST",7.75708692311941,0.00258483789222819
123,"DST",7.75450208522718,0.00244297368438851
124,"DST",7.75205911154279,0.00229941277410362
125,"DST",7.74975969876869,0.00215469777317256
126,"DST",7.74760500099552,0.00200939790435406
127,"DST",7.74559560309116,0.00186410682575744
128,"DST",7.74373149626541,0.00171944027390847
129,"DST",7.7420120559915,0.00157603353842539
130,"DST",7.74043602245307,0.00143453878261912
131,"DST",7.73900148367045,0.00129562222554469
132,"DST",7.73770586144491,0.0011599612022799
133,"DST",7.73654590024263,0.00102824112008548
134,"DST",7.73551765912254,0.000901152329171317
135,"DST",7.73461650679337,0.000779386927388437
136,"DST",7.73383711986598,0.000663635518869832
137,"DST",7.73317348434711,0.000554583947041998
138,"DST",7.73261890040007,0.000452910022763042
139,"DST",7.73216599037731,0.000359280268414253
140,"DST",7.73180671010889,0.000274346698794226
141,"DST",7.7315323634101,0.000198743659423073
142,"DST",7.73133361975068,0.000133084742507172
143,"DST",7.73120053500817,7.79598003166626e-05
144,"DST",7.73112257520785,3.39320749818128e-05
145,"DST",7.73108864313287,1.53546297987361e-06
146,"DST",7.73108710766989,0
147,"DST",7.73108710766989,0
148,"DST",7.73108710766989,0
149,"DST",7.73108710766989,0
150,"DST",7.73108710766989,0
151,"DST",7.73108710766989,3.89662989155326e-05
152,"DST",7.73104814137098,0.00013800372255357
153,"DST",7.73091013764842,0.000213586236023744
154,"DST",7.7306965514124,0.000303919730563429
155,"DST",7.73039263168184,0.000409134504529618
156,"DST",7.72998349717731,0.000529314295067529
157,"DST",7.72945418288224,0.00066449610833974
158,"DST",7.7287896867739,0.000814670293920017
159,"DST",7.72797501647998,0.00097978085986572
160,"DST",7.72699523562011,0.00115972602328718
161,"DST",7.72583550959683,0.00135435898941605
162,"DST",7.72448115060741,0.00156348895085578
163,"DST",7.72291766165655,0.00178688229691648
164,"DST",7.72113077935964,0.00202426402170097
165,"DST",7.71910651533794,0.00227531931827851
166,"DST",7.71683119601966,0.00253969534512244
167,"DST",7.71429150067454,0.00281700314990463
168,"DST",7.71147449752463,0.00310681973489402
169,"DST",7.70836767778974,0.00340869024740709
170,"DST",7.70495898754233,0.00372213027815427
171,"DST",7.70123685726418,0.00404662824998692
172,"DST",7.69719022901419,0.00438164787900597
173,"DST",7.69280858113518,0.00472663069013191
174,"DST",7.68808195044505,0.0050809985691167
175,"DST",7.68300095187593,0.00544415633315243
176,"DST",7.67755679554278,0.00581549430257056
177,"DST",7.67174130124021,0.00619439085671569
178,"DST",7.6655469103835,0.00658021495747718
179,"DST",7.65896669542602,0.00697232862494435
180,"DST",7.65199436680107,0.00737008935030836
181,"DST",7.64462427745077,0.00777285243242876
182,"DST",7.63685142501834,0.00817997322513264
183,"DST",7.6286714517932,0.00859080928395795
184,"DST",7.62008064250925,0.0090047224020724
185,"DST",7.61107592010717,0.00942108052643498
186,"DST",7.60165483958074,0.00983925954668052
187,"DST",7.59181558003406,0.010258644950814
188,"DST",7.58155693508324,0.010678633342823
189,"DST",7.57087830174042,0.0110986338192607
190,"DST",7.55977966792116,0.0115180692030004
191,"DST",7.54826159871816,0.0119363771338126
192,"DST",7.53632522158435,0.0123530110170096
193,"DST",7.52397221056734,0.0127674408325209
194,"DST",7.51120476973482,0.0131791538082142
195,"DST",7.4980256159266,0.013587654962496
196,"DST",7.48443796096411,0.0139924675222103
197,"DST",7.4704454934419,0.014393133223221
198,"DST",7.45605236021868,0.0147892125016211
199,"DST",7.44126314771705,0.015180284584698
200,"DST",7.42608286313236,0.0155659474913898
201,"DST",7.41051691564097,0.0159458179523746
202,"DST",7.39457109768859,0.016319531260927
203,"DST",7.37825156642767,0.0166867410653717
204,"DST",7.36156482536229,0.0170471191147872
205,"DST",7.34451770624751,0.0174003549693875
206,"DST",7.32711735127812,0.017746155686944
207,"DST",7.30937119559117,0.018084245496877
208,"DST",7.2912869500943,0.0184143654726103
209,"DST",7.27287258462169,0.0187362732134506
210,"DST",7.25413631140824,0.0190497425455236
211,"DST",7.23508656886271,0.0193545632520147
212,"DST",7.2157320056107,0.0196505408410026
213,"DST",7.1960814647697,0.0199374963595416
214,"DST",7.17614396841015,0.0202152662609389
215,"DST",7.15592870214922,0.020483702331771
216,"DST",7.13544499981744,0.0207426716841077
217,"DST",7.11470232813334,0.0209920568172999
218,"DST",7.09371027131604,0.0212317557528436
219,"DST",7.07247851556319,0.0214616822447669
220,"DST",7.05101683331843,0.0216817660668553
221,"DST",7.02933506725157,0.021891953377069
222,"DST",7.0074431138745,0.022092207158682
223,"DST",6.98535090671582,0.0222825077363593
224,"DST",6.96306839897946,0.0224628533648037
225,"DST",6.94060554561466,0.0226332608866331
226,"DST",6.91797228472802,0.0227937664552087
227,"DST",6.89517851827282,0.0229444263177809
228,"DST",6.87223409195503,0.0230853176532531
229,"DST",6.84914877430178,0.0232165394587165
230,"DST",6.82593223484306,0.0233382134781257
231,"DST",6.80259402136494,0.0234504851665633
232,"DST",6.77914353619838,0.0235535246826881
233,"DST",6.75559001151569,0.0236475279027291
234,"DST",6.73194248361296,0.02373271744825
235,"DST",6.70820976616471,0.0238093437211813
236,"DST",6.68440042244353,0.0238776859389933
237,"DST",6.66052273650453,0.0239380531633087
238,"DST",6.63658468334123,0.023990785316399
239,"DST",6.61259389802483,0.0240362541793182
240,"DST",6.58855764384551,0.0240748643673303
241,"DST",6.56448277947818,0.0241070542780379
242,"DST",6.54037572520014,0.0241332970089418
243,"DST",6.5162424281912,0.0241541012419955
244,"DST",6.4920883269492,0.0241700120935224
245,"DST",6.46791831485568,0.0241816119291292
246,"DST",6.44373670292655,0.0241895211439838
247,"DST",6.41954718178257,0.0241943989106819
248,"DST",6.39535278287189,0.0241969438972127
249,"DST",6.37115583897467,0.0241978949595163
250,"DST",6.34695794401516,NA
109,"K",9.7014382412955,0.0230150519079864
110,"K",9.67842318938752,0.0230440999661781
111,"K",9.65537908942134,0.0230737269434815
112,"K",9.63230536247786,0.0231036888537393
113,"K",9.60920167362412,0.0231337267472238
114,"K",9.5860679468769,0.0231635678988589
115,"K",9.56290437897804,0.0231929270889477
116,"K",9.53971145188909,0.0232215079663849
117,"K",9.5164899439227,0.0232490044838887
118,"K",9.49324093943881,0.0232751023941979
119,"K",9.46996583704462,0.0232994807957905
120,"K",9.44666635624883,0.0233218137163096
121,"K",9.42334454253252,0.0233417717216646
122,"K",9.40000277081085,0.0233590235387684
123,"K",9.37664374727208,0.0233732376796763
124,"K",9.35327050959241,0.023384084055186
125,"K",9.32988642553722,0.0233912355659509
126,"K",9.30649518997127,0.0233943696596182
127,"K",9.28310082031165,0.0233931698428975
128,"K",9.25970765046875,0.0233873271377139
129,"K",9.23632032333104,0.0233765414715545
130,"K",9.21294378185949,0.0233605229923946
131,"K",9.18958325886709,0.0233389932996939
132,"K",9.1662442655674,0.0233116865833196
133,"K",9.14293257898408,0.0232783506636167
134,"K",9.11965422832046,0.0232387479263316
135,"K",9.09641548039413,0.0231926561472484
136,"K",9.07322282424688,0.0231398692025451
137,"K",9.05008295504434,0.0230801976615478
138,"K",9.02700275738279,0.0230134692598902
139,"K",9.0039892881229,0.0229395292521186
140,"K",8.98104975887078,0.0228582406436324
141,"K",8.95819151822715,0.0227694843032253
142,"K",8.93542203392392,0.0226731589581242
143,"K",8.9127488749658,0.0225691810748181
144,"K",8.89017969389098,0.0224574846296051
145,"K",8.86772220926137,0.0223380207739972
146,"K",8.84538418848738,0.0222107574005879
147,"K",8.82317343108679,0.0220756786163712
148,"K",8.80109775247042,0.0219327841305965
149,"K",8.77916496833982,0.0217820885654483
150,"K",8.75738287977437,0.0216236206980582
151,"K",8.73575925907632,0.0214574226431683
152,"K",8.71430183643315,0.0212835489858403
153,"K",8.69301828744731,0.0211020658742953
154,"K",8.67191622157301,0.0209130500829904
155,"K",8.65100317149002,0.020716588056132
156,"K",8.63028658343389,0.0205127749421781
157,"K",8.60977380849171,0.0203017136295021
158,"K",8.58947209486221,0.0200835137933524
159,"K",8.56938858106886,0.0198582909642884
160,"K",8.54953029010457,0.0196261656274377
161,"K",8.52990412447713,0.0193872623620059
162,"K",8.51051686211513,0.0191417090297747
163,"K",8.49137515308535,0.018889636020651
164,"K",8.4724855170647,0.0186311755629074
165,"K",8.45385434150179,0.0183664611050549
166,"K",8.43548788039674,0.018095626775219
167,"K",8.41739225362152,0.0178188069235041
168,"K",8.39957344669801,0.0175361357516213
169,"K",8.38203731094639,0.0172477470334194
170,"K",8.36478956391297,0.0169537739287406
171,"K",8.34783578998423,0.0166543488924482
172,"K",8.33118144109178,0.0163496036789894
173,"K",8.31483183741279,0.0160396694425842
174,"K",8.29879216797021,0.0157246769312529
175,"K",8.28306749103896,0.0154047567728579
176,"K",8.2676627342661,0.0150800398497495
177,"K",8.25258269441635,0.0147506577578138
178,"K",8.23783203665854,0.0144167433451248
179,"K",8.22341529331341,0.0140784313240623
180,"K",8.20933686198935,0.0137358589504579
181,"K",8.19560100303889,0.0133891667621029
182,"K",8.18221183627679,0.0130384993687329
183,"K",8.16917333690806,0.0126840062844771
184,"K",8.15648933062358,0.0123258427936666
185,"K",8.14416348782991,0.0119641708400806
186,"K",8.13219931698983,0.0115991599294514
187,"K",8.12060015706038,0.0112309880346491
188,"K",8.10936916902573,0.0108598424928861
189,"K",8.09850932653285,0.0104859208837453
190,"K",8.0880234056491,0.0101094318773107
191,"K",8.07791397377179,0.00973059604107007
192,"K",8.06818337773072,0.00934964659495208
193,"K",8.05883373113577,0.00896683010353527
194,"K",8.04986690103223,0.00858240709510127
195,"K",8.04128449393713,0.00819665259724189
196,"K",8.03308784133989,0.00780985657952904
197,"K",8.02527798476036,0.00742232429376166
198,"K",8.0178556604666,0.00703437650339822
199,"K",8.0108212839632,0.00664634959397681
200,"K",8.00417493436922,0.00625859555731001
201,"K",7.99791633881191,0.00587148184284025
202,"K",7.99204485696907,0.00548539107043577
203,"K",7.98655946589864,0.0051007205996747
204,"K",7.98145874529896,0.00471788195165246
205,"K",7.97674086334731,0.00433730008010169
206,"K",7.97240356326721,0.0039594124897917
207,"K",7.96844415077742,0.00358466820087511
208,"K",7.96485948257654,0.00321352655903162
209,"K",7.96164595601751,0.00284645589209198
210,"K",7.95879950012542,0.00248393201488017
211,"K",7.95631556811054,0.00212643658486833
212,"K",7.95418913152567,0.00177445531240661
213,"K",7.95241467621326,0.00142847602975493
214,"K",7.95098620018351,0.00108898662464618
215,"K",7.94989721355886,0.000756472844337885
216,"K",7.94914074071452,0.000431415977324434
217,"K",7.9487093247372,0.000114290420451191
218,"K",7.94859503431675,0
219,"K",7.94859503431675,0
220,"K",7.94859503431675,0
221,"K",7.94859503431675,0
222,"K",7.94859503431675,0
223,"K",7.94859503431675,0
224,"K",7.94859503431675,0
225,"K",7.94859503431675,0
226,"K",7.94859503431675,0
227,"K",7.94859503431675,0
228,"K",7.94859503431675,0
229,"K",7.94859503431675,0
230,"K",7.94859503431675,0
231,"K",7.94859503431675,0
232,"K",7.94859503431675,0
233,"K",7.94859503431675,0
234,"K",7.94859503431675,0
235,"K",7.94859503431675,0
236,"K",7.94859503431675,0
237,"K",7.94859503431675,0
238,"K",7.94859503431675,0
239,"K",7.94859503431675,0
240,"K",7.94859503431675,0
241,"K",7.94859503431675,0
242,"K",7.94859503431675,0
243,"K",7.94859503431675,0
244,"K",7.94859503431675,0
245,"K",7.94859503431675,0
246,"K",7.94859503431675,0
247,"K",7.94859503431675,0
248,"K",7.94859503431675,0
249,"K",7.94859503431675,0
250,"K",7.94859503431675,NA
